benchmark,predictor,budget_label,budget_entries,mode,instructions,ipc,fwd_dir_rate,rev_dir_rate,fwd_addr_rate,rev_addr_rate,tage_fwd_tag_matches,sc_fwd_inversions,loop_fwd_hits,loop_rev_hits
compress,tage,16KB,16384,frmt,10000002,1.1335,0.8413,0.9620,0.8411,0.9620,1490504,0,1506338,1506341
compress,tage,16KB,16384,twin,10000002,1.1335,0.8413,0.9264,0.8411,0.9264,1329718,0,1506331,1506302
compress,tage,32KB,32768,frmt,10000002,1.1343,0.8418,0.9763,0.8416,0.9763,1367608,0,1503739,1503741
compress,tage,32KB,32768,twin,10000002,1.1343,0.8418,0.9481,0.8416,0.9481,1331460,0,1503728,1503699
compress,tage,64KB,65536,frmt,10000002,1.1350,0.8424,0.9934,0.8422,0.9934,1383604,0,1500833,1500835
compress,tage,64KB,65536,twin,10000002,1.1350,0.8424,0.9918,0.8422,0.9918,1309191,0,1500824,1500795
compress,tage,128KB,131072,frmt,10000002,1.1380,0.8438,0.9958,0.8436,0.9958,1387363,0,1496329,1496331
compress,tage,128KB,131072,twin,10000002,1.1380,0.8438,0.9942,0.8436,0.9942,1322340,0,1496336,1496307
compress,tage,256KB,262144,frmt,10000002,1.1373,0.8434,0.9962,0.8432,0.9962,1391653,0,1498731,1498731
compress,tage,256KB,262144,twin,10000002,1.1373,0.8434,0.9948,0.8431,0.9948,1276275,0,1498739,1498710
compress,tage,512KB,524288,frmt,10000002,1.1414,0.8451,0.9975,0.8449,0.9975,1394246,0,1496031,1496031
compress,tage,512KB,524288,twin,10000002,1.1414,0.8451,0.9972,0.8449,0.9972,1188401,0,1496017,1495988
compress,tage,1MB,1048576,frmt,10000002,1.1430,0.8459,0.9989,0.8457,0.9989,1354802,0,1500778,1500778
compress,tage,1MB,1048576,twin,10000002,1.1430,0.8459,0.9987,0.8457,0.9987,1139929,0,1500768,1500739
compress,tagesc,16KB,16384,frmt,10000002,1.1260,0.8356,0.9621,0.8344,0.9620,1406333,176412,1550546,1550549
compress,tagesc,16KB,16384,twin,10000002,1.1260,0.8356,0.9264,0.8344,0.9264,1325150,176978,1550558,1550527
compress,tagesc,32KB,32768,frmt,10000002,1.1278,0.8365,0.9764,0.8353,0.9764,1341201,189864,1546720,1546722
compress,tagesc,32KB,32768,twin,10000002,1.1278,0.8365,0.9481,0.8353,0.9481,1324787,189847,1546737,1546706
compress,tagesc,64KB,65536,frmt,10000002,1.1300,0.8378,0.9934,0.8366,0.9934,1407719,206251,1539085,1539087
compress,tagesc,64KB,65536,twin,10000002,1.1300,0.8378,0.9918,0.8366,0.9918,1297525,206196,1539086,1539055
compress,tagesc,128KB,131072,frmt,10000002,1.1282,0.8372,0.9957,0.8359,0.9957,1343732,227667,1539006,1539008
compress,tagesc,128KB,131072,twin,10000002,1.1282,0.8372,0.9942,0.8359,0.9942,1229014,227393,1539010,1538979
compress,tagesc,256KB,262144,frmt,10000002,1.1318,0.8389,0.9961,0.8377,0.9961,1356019,243704,1530707,1530707
compress,tagesc,256KB,262144,twin,10000002,1.1317,0.8389,0.9948,0.8377,0.9948,1233456,242388,1530753,1530722
compress,tagesc,512KB,524288,frmt,10000002,1.1339,0.8406,0.9973,0.8396,0.9973,1356620,266120,1525097,1525097
compress,tagesc,512KB,524288,twin,10000002,1.1334,0.8404,0.9972,0.8394,0.9972,1181571,264514,1525916,1525885
compress,tagesc,1MB,1048576,frmt,10000002,1.1375,0.8423,0.9987,0.8412,0.9987,1325762,278776,1515939,1515939
compress,tagesc,1MB,1048576,twin,10000002,1.1369,0.8420,0.9987,0.8410,0.9987,1110274,277113,1516708,1516677
compress,tscl,16KB,16384,frmt,10000002,1.1497,0.8499,0.9401,0.8498,0.9401,1343198,173971,1547501,1547504
compress,tscl,16KB,16384,twin,10000002,1.1497,0.8499,0.9264,0.8498,0.9264,1431137,174442,1547513,1547483
compress,tscl,32KB,32768,frmt,10000002,1.1505,0.8503,0.9546,0.8502,0.9546,1320065,187881,1544408,1544410
compress,tscl,32KB,32768,twin,10000002,1.1504,0.8502,0.9481,0.8501,0.9481,1313769,187765,1544465,1544435
compress,tscl,64KB,65536,frmt,10000002,1.1512,0.8506,0.9771,0.8505,0.9771,1320858,204033,1537831,1537833
compress,tscl,64KB,65536,twin,10000002,1.1512,0.8506,0.9918,0.8505,0.9918,1250160,203833,1537830,1537800
compress,tscl,128KB,131072,frmt,10000002,1.1485,0.8495,0.9803,0.8494,0.9803,1359966,225427,1538597,1538599
compress,tscl,128KB,131072,twin,10000002,1.1485,0.8495,0.9942,0.8494,0.9942,1331857,225000,1538466,1538436
compress,tscl,256KB,262144,frmt,10000002,1.1513,0.8506,0.9823,0.8505,0.9823,1337523,241496,1529590,1529590
compress,tscl,256KB,262144,twin,10000002,1.1513,0.8506,0.9948,0.8505,0.9948,1170882,239280,1530228,1530198
compress,tscl,512KB,524288,frmt,10000002,1.1498,0.8504,0.9876,0.8503,0.9876,1359465,263961,1525814,1525814
compress,tscl,512KB,524288,twin,10000002,1.1502,0.8505,0.9972,0.8504,0.9972,1141708,262404,1524965,1524934
compress,tscl,1MB,1048576,frmt,10000002,1.1537,0.8522,0.9952,0.8521,0.9952,1335161,277009,1516459,1516459
compress,tscl,1MB,1048576,twin,10000002,1.1543,0.8524,0.9987,0.8523,0.9987,1110977,275326,1515662,1515631
gcc,tage,16KB,16384,frmt,10000000,0.7979,0.9205,0.9539,0.8906,0.9271,1156575,0,81095,51818
gcc,tage,16KB,16384,twin,10000000,0.7996,0.9250,0.7316,0.8950,0.7050,1120073,0,80814,81238
gcc,tage,32KB,32768,frmt,10000000,0.8000,0.9245,0.9442,0.8944,0.9169,1078613,0,93763,60699
gcc,tage,32KB,32768,twin,10000000,0.8005,0.9268,0.7774,0.8967,0.7501,1068604,0,93116,93477
gcc,tage,64KB,65536,frmt,10000000,0.8024,0.9282,0.9247,0.8980,0.8968,1131066,0,118858,88191
gcc,tage,64KB,65536,twin,10000000,0.8028,0.9300,0.8308,0.8998,0.8024,962151,0,118300,118678
gcc,tage,128KB,131072,frmt,10000000,0.8042,0.9310,0.9210,0.9007,0.8924,1087537,0,124614,108214
gcc,tage,128KB,131072,twin,10000000,0.8046,0.9319,0.8935,0.9016,0.8643,842286,0,124273,124662
gcc,tage,256KB,262144,frmt,10000000,0.8050,0.9325,0.9437,0.9021,0.9142,1057105,0,134141,120786
gcc,tage,256KB,262144,twin,10000000,0.8054,0.9329,0.9395,0.9026,0.9096,735304,0,133666,133987
gcc,tage,512KB,524288,frmt,10000000,0.8054,0.9332,0.9735,0.9028,0.9433,1088540,0,140480,130740
gcc,tage,512KB,524288,twin,10000000,0.8052,0.9331,0.9675,0.9028,0.9372,671390,0,140125,140360
gcc,tage,1MB,1048576,frmt,10000000,0.8060,0.9338,0.9883,0.9035,0.9578,1059530,0,143766,137486
gcc,tage,1MB,1048576,twin,10000000,0.8057,0.9333,0.9853,0.9030,0.9548,645022,0,143669,143796
gcc,tagesc,16KB,16384,frmt,10000000,0.7884,0.9035,0.9540,0.8736,0.9273,1152767,73897,81193,52092
gcc,tagesc,16KB,16384,twin,10000000,0.7989,0.9232,0.7316,0.8932,0.7050,1107434,23188,80823,81243
gcc,tagesc,32KB,32768,frmt,10000000,0.7930,0.9110,0.9443,0.8810,0.9170,1077933,71191,94116,61232
gcc,tagesc,32KB,32768,twin,10000000,0.7999,0.9251,0.7775,0.8949,0.7501,1037857,24746,93524,93887
gcc,tagesc,64KB,65536,frmt,10000000,0.7960,0.9148,0.9239,0.8846,0.8961,1164374,74782,118685,88463
gcc,tagesc,64KB,65536,twin,10000000,0.8013,0.9268,0.8308,0.8965,0.8025,945241,29203,118087,118460
gcc,tagesc,128KB,131072,frmt,10000000,0.7993,0.9200,0.9213,0.8899,0.8926,1123987,70964,124208,107822
gcc,tagesc,128KB,131072,twin,10000000,0.8033,0.9286,0.8935,0.8984,0.8643,823713,31839,123772,124163
gcc,tagesc,256KB,262144,frmt,10000000,0.8021,0.9250,0.9441,0.8948,0.9145,1101450,70654,133627,120276
gcc,tagesc,256KB,262144,twin,10000000,0.8032,0.9287,0.9395,0.8985,0.9096,714383,36328,133217,133541
gcc,tagesc,512KB,524288,frmt,10000000,0.8036,0.9269,0.9735,0.8967,0.9433,1057184,49598,140240,130507
gcc,tagesc,512KB,524288,twin,10000000,0.8040,0.9293,0.9675,0.8991,0.9372,685394,39460,139937,140170
gcc,tagesc,1MB,1048576,frmt,10000000,0.8037,0.9268,0.9882,0.8965,0.9578,1040623,52173,143588,137316
gcc,tagesc,1MB,1048576,twin,10000000,0.8037,0.9287,0.9853,0.8984,0.9548,654023,54322,143404,143530
gcc,tscl,16KB,16384,frmt,10000000,0.7885,0.9039,0.9534,0.8741,0.9267,1128184,73615,81580,52283
gcc,tscl,16KB,16384,twin,10000000,0.7991,0.9238,0.7316,0.8938,0.7050,1154419,20683,80810,81214
gcc,tscl,32KB,32768,frmt,10000000,0.7932,0.9114,0.9431,0.8815,0.9158,1132694,68634,94372,61300
gcc,tscl,32KB,32768,twin,10000000,0.8001,0.9254,0.7775,0.8954,0.7501,1064105,22844,93773,94117
gcc,tscl,64KB,65536,frmt,10000000,0.7964,0.9156,0.9221,0.8855,0.8942,1165941,69806,118422,87753
gcc,tscl,64KB,65536,twin,10000000,0.8017,0.9277,0.8308,0.8976,0.8025,960372,26362,117865,118224
gcc,tscl,128KB,131072,frmt,10000000,0.7988,0.9202,0.9188,0.8902,0.8901,1133341,67301,124422,108025
gcc,tscl,128KB,131072,twin,10000000,0.8029,0.9290,0.8935,0.8988,0.8643,868330,28606,123830,124201
gcc,tscl,256KB,262144,frmt,10000000,0.8019,0.9253,0.9420,0.8952,0.9125,1108814,68462,133656,120306
gcc,tscl,256KB,262144,twin,10000000,0.8035,0.9295,0.9395,0.8994,0.9096,754575,30713,133187,133494
gcc,tscl,512KB,524288,frmt,10000000,0.8038,0.9275,0.9723,0.8975,0.9421,1103051,45157,140153,130418
gcc,tscl,512KB,524288,twin,10000000,0.8036,0.9296,0.9675,0.8995,0.9372,729230,35029,139880,140104
gcc,tscl,1MB,1048576,frmt,10000000,0.8036,0.9275,0.9877,0.8974,0.9573,1076628,46386,143414,137139
gcc,tscl,1MB,1048576,twin,10000000,0.8037,0.9294,0.9853,0.8993,0.9548,648031,43585,143379,143481
go,tage,16KB,16384,frmt,10000002,1.3373,0.9098,0.9245,0.9060,0.9217,1143323,0,94019,61331
go,tage,16KB,16384,twin,10000002,1.3458,0.9143,0.7732,0.9106,0.7703,1513041,0,92907,93389
go,tage,32KB,32768,frmt,10000002,1.3416,0.9118,0.9245,0.9081,0.9217,1265595,0,127962,95074
go,tage,32KB,32768,twin,10000002,1.3442,0.9137,0.8124,0.9099,0.8095,1391402,0,127124,127592
go,tage,64KB,65536,frmt,10000002,1.3473,0.9151,0.9467,0.9114,0.9439,1300562,0,176491,152761
go,tage,64KB,65536,twin,10000002,1.3446,0.9139,0.8818,0.9102,0.8788,1298333,0,175889,176218
go,tage,128KB,131072,frmt,10000002,1.3433,0.9136,0.9529,0.9099,0.9499,1266739,0,212746,191793
go,tage,128KB,131072,twin,10000002,1.3444,0.9141,0.9124,0.9104,0.9094,1107235,0,212299,212441
go,tage,256KB,262144,frmt,10000002,1.3497,0.9164,0.9616,0.9127,0.9585,1210788,0,234388,224036
go,tage,256KB,262144,twin,10000002,1.3468,0.9152,0.9434,0.9115,0.9403,1089725,0,233944,234106
go,tage,512KB,524288,frmt,10000002,1.3507,0.9167,0.9750,0.9130,0.9719,1216206,0,245344,243654
go,tage,512KB,524288,twin,10000002,1.3522,0.9174,0.9609,0.9137,0.9578,940914,0,245270,245428
go,tage,1MB,1048576,frmt,10000002,1.3601,0.9216,0.9859,0.9179,0.9828,1189313,0,294894,294498
go,tage,1MB,1048576,twin,10000002,1.3515,0.9170,0.9733,0.9134,0.9701,865640,0,305321,305462
go,tagesc,16KB,16384,frmt,10000002,1.3238,0.9038,0.9241,0.9000,0.9213,1197916,150540,94427,61738
go,tagesc,16KB,16384,twin,10000002,1.3290,0.9066,0.7732,0.9029,0.7703,1471431,32279,93365,93832
go,tagesc,32KB,32768,frmt,10000002,1.3220,0.9038,0.9241,0.9001,0.9213,1260886,165667,128513,95622
go,tagesc,32KB,32768,twin,10000002,1.3330,0.9089,0.8124,0.9051,0.8095,1387752,36562,127178,127634
go,tagesc,64KB,65536,frmt,10000002,1.3264,0.9053,0.9456,0.9016,0.9427,1263638,108051,177322,153610
go,tagesc,64KB,65536,twin,10000002,1.3332,0.9089,0.8818,0.9052,0.8788,1214013,43814,176425,176730
go,tagesc,128KB,131072,frmt,10000002,1.3269,0.9055,0.9524,0.9018,0.9494,1241844,99998,213796,192846
go,tagesc,128KB,131072,twin,10000002,1.3303,0.9080,0.9124,0.9043,0.9094,1168994,48776,212596,212707
go,tagesc,256KB,262144,frmt,10000002,1.3314,0.9078,0.9607,0.9041,0.9576,1208501,81849,235985,225632
go,tagesc,256KB,262144,twin,10000002,1.3314,0.9080,0.9434,0.9043,0.9403,1053414,54907,235258,235397
go,tagesc,512KB,524288,frmt,10000002,1.3281,0.9068,0.9744,0.9031,0.9713,1209976,80732,247025,245334
go,tagesc,512KB,524288,twin,10000002,1.3318,0.9082,0.9609,0.9045,0.9578,957842,72592,246536,246668
go,tagesc,1MB,1048576,frmt,10000002,1.3319,0.9082,0.9855,0.9045,0.9824,1204140,72321,306525,306129
go,tagesc,1MB,1048576,twin,10000002,1.3315,0.9080,0.9733,0.9043,0.9701,878419,68330,305911,306031
go,tscl,16KB,16384,frmt,10000002,1.3221,0.9028,0.9239,0.8990,0.9211,1229955,152348,93652,60965
go,tscl,16KB,16384,twin,10000002,1.3347,0.9100,0.7732,0.9062,0.7703,1451917,30051,92606,93056
go,tscl,32KB,32768,frmt,10000002,1.3312,0.9069,0.9243,0.9032,0.9214,1288833,146505,126633,93743
go,tscl,32KB,32768,twin,10000002,1.3343,0.9096,0.8124,0.9058,0.8095,1407145,33171,125717,126144
go,tscl,64KB,65536,frmt,10000002,1.3421,0.9123,0.9439,0.9085,0.9411,1255359,98214,175298,151581
go,tscl,64KB,65536,twin,10000002,1.3352,0.9098,0.8818,0.9060,0.8788,1285378,38776,174381,174679
go,tscl,128KB,131072,frmt,10000002,1.3372,0.9103,0.9496,0.9065,0.9467,1245977,94982,211065,190111
go,tscl,128KB,131072,twin,10000002,1.3359,0.9101,0.9124,0.9064,0.9094,1119209,42710,210652,210752
go,tscl,256KB,262144,frmt,10000002,1.3387,0.9109,0.9587,0.9071,0.9557,1249871,76596,232715,222362
go,tscl,256KB,262144,twin,10000002,1.3363,0.9106,0.9434,0.9068,0.9403,1049794,44599,232517,232650
go,tscl,512KB,524288,frmt,10000002,1.3393,0.9114,0.9724,0.9077,0.9693,1220650,74165,243753,242062
go,tscl,512KB,524288,twin,10000002,1.3408,0.9120,0.9609,0.9082,0.9578,956698,51525,243784,243907
go,tscl,1MB,1048576,frmt,10000002,1.3358,0.9099,0.9843,0.9062,0.9812,1209601,65056,303441,303045
go,tscl,1MB,1048576,twin,10000002,1.3355,0.9096,0.9733,0.9059,0.9701,884344,59341,304670,304770
ijpeg,tage,16KB,16384,frmt,10000000,2.6736,0.9998,1.0000,0.9997,1.0000,143901,0,267561,267561
ijpeg,tage,16KB,16384,twin,10000000,2.6736,0.9998,1.0000,0.9997,1.0000,284892,0,267561,267558
ijpeg,tage,32KB,32768,frmt,10000000,2.6736,0.9998,1.0000,0.9997,1.0000,427930,0,267561,267561
ijpeg,tage,32KB,32768,twin,10000000,2.6736,0.9998,1.0000,0.9997,1.0000,284887,0,267561,267558
ijpeg,tage,64KB,65536,frmt,10000000,2.6736,0.9998,1.0000,0.9997,1.0000,710126,0,267561,267561
ijpeg,tage,64KB,65536,twin,10000000,2.6736,0.9998,1.0000,0.9997,1.0000,284887,0,267561,267558
ijpeg,tage,128KB,131072,frmt,10000000,2.6736,0.9998,1.0000,0.9997,1.0000,286042,0,267561,267561
ijpeg,tage,128KB,131072,twin,10000000,2.6736,0.9998,1.0000,0.9997,1.0000,284887,0,267561,267558
ijpeg,tage,256KB,262144,frmt,10000000,2.6736,0.9998,1.0000,0.9997,1.0000,427806,0,267561,267561
ijpeg,tage,256KB,262144,twin,10000000,2.6736,0.9998,1.0000,0.9997,1.0000,284887,0,267561,267558
ijpeg,tage,512KB,524288,frmt,10000000,2.6736,0.9998,1.0000,0.9997,1.0000,427806,0,267561,267561
ijpeg,tage,512KB,524288,twin,10000000,2.6736,0.9998,1.0000,0.9997,1.0000,284887,0,267561,267558
ijpeg,tage,1MB,1048576,frmt,10000000,2.6736,0.9998,1.0000,0.9997,1.0000,427806,0,267561,267561
ijpeg,tage,1MB,1048576,twin,10000000,2.6736,0.9998,1.0000,0.9997,1.0000,284887,0,267561,267558
ijpeg,tagesc,16KB,16384,frmt,10000000,2.6733,0.9998,1.0000,0.9996,1.0000,143901,102,267561,267561
ijpeg,tagesc,16KB,16384,twin,10000000,2.6736,0.9998,1.0000,0.9997,1.0000,284892,1113,267561,267558
ijpeg,tagesc,32KB,32768,frmt,10000000,2.6733,0.9998,1.0000,0.9996,1.0000,427930,102,267561,267561
ijpeg,tagesc,32KB,32768,twin,10000000,2.6736,0.9998,1.0000,0.9997,1.0000,284887,1113,267561,267558
ijpeg,tagesc,64KB,65536,frmt,10000000,2.6733,0.9998,1.0000,0.9996,1.0000,710126,240,267561,267561
ijpeg,tagesc,64KB,65536,twin,10000000,2.6736,0.9998,1.0000,0.9997,1.0000,284887,1113,267561,267558
ijpeg,tagesc,128KB,131072,frmt,10000000,2.6733,0.9998,1.0000,0.9996,1.0000,286042,104,267561,267561
ijpeg,tagesc,128KB,131072,twin,10000000,2.6736,0.9998,1.0000,0.9997,1.0000,284887,1113,267561,267558
ijpeg,tagesc,256KB,262144,frmt,10000000,2.6736,0.9998,1.0000,0.9997,1.0000,427806,0,267561,267561
ijpeg,tagesc,256KB,262144,twin,10000000,2.6736,0.9998,1.0000,0.9997,1.0000,284887,1113,267561,267558
ijpeg,tagesc,512KB,524288,frmt,10000000,2.6736,0.9998,1.0000,0.9997,1.0000,427806,1,267561,267561
ijpeg,tagesc,512KB,524288,twin,10000000,2.6736,0.9998,1.0000,0.9997,1.0000,284887,1113,267561,267558
ijpeg,tagesc,1MB,1048576,frmt,10000000,2.6736,0.9998,1.0000,0.9997,1.0000,427806,1,267561,267561
ijpeg,tagesc,1MB,1048576,twin,10000000,2.6736,0.9998,1.0000,0.9997,1.0000,284887,1113,267561,267558
ijpeg,tscl,16KB,16384,frmt,10000000,2.6724,0.9996,0.9999,0.9995,0.9999,286059,201,267529,267529
ijpeg,tscl,16KB,16384,twin,10000000,2.6726,0.9997,1.0000,0.9996,1.0000,285349,1213,267529,267526
ijpeg,tscl,32KB,32768,frmt,10000000,2.6724,0.9996,0.9999,0.9995,0.9999,570088,201,267529,267529
ijpeg,tscl,32KB,32768,twin,10000000,2.6726,0.9997,1.0000,0.9996,1.0000,285344,1213,267529,267526
ijpeg,tscl,64KB,65536,frmt,10000000,2.6724,0.9996,0.9999,0.9995,0.9999,710453,339,267529,267529
ijpeg,tscl,64KB,65536,twin,10000000,2.6726,0.9997,1.0000,0.9996,1.0000,285344,1213,267529,267526
ijpeg,tscl,128KB,131072,frmt,10000000,2.6724,0.9996,0.9999,0.9995,0.9999,428200,205,267529,267529
ijpeg,tscl,128KB,131072,twin,10000000,2.6726,0.9997,1.0000,0.9996,1.0000,285344,1213,267529,267526
ijpeg,tscl,256KB,262144,frmt,10000000,2.6726,0.9997,1.0000,0.9996,1.0000,569963,102,267529,267529
ijpeg,tscl,256KB,262144,twin,10000000,2.6726,0.9997,1.0000,0.9996,1.0000,285344,1213,267529,267526
ijpeg,tscl,512KB,524288,frmt,10000000,2.6726,0.9997,1.0000,0.9996,1.0000,569963,103,267529,267529
ijpeg,tscl,512KB,524288,twin,10000000,2.6726,0.9997,1.0000,0.9996,1.0000,285344,1213,267529,267526
ijpeg,tscl,1MB,1048576,frmt,10000000,2.6726,0.9997,1.0000,0.9996,1.0000,569963,103,267529,267529
ijpeg,tscl,1MB,1048576,twin,10000000,2.6726,0.9997,1.0000,0.9996,1.0000,285344,1213,267529,267526
li,tage,16KB,16384,frmt,10000001,1.5793,0.9338,0.9590,0.9024,0.9537,882625,0,134448,134412
li,tage,16KB,16384,twin,10000001,1.5924,0.9318,0.9507,0.9079,0.9454,744778,0,133461,135332
li,tage,32KB,32768,frmt,10000001,1.6064,0.9354,0.9738,0.9115,0.9685,810450,0,141763,141760
li,tage,32KB,32768,twin,10000001,1.5884,0.9319,0.9707,0.9080,0.9654,678486,0,140758,142626
li,tage,64KB,65536,frmt,10000001,1.5958,0.9338,0.9816,0.9098,0.9763,866812,0,142045,142046
li,tage,64KB,65536,twin,10000001,1.5900,0.9324,0.9768,0.9084,0.9714,653183,0,140796,142663
li,tage,128KB,131072,frmt,10000001,1.6024,0.9353,0.9870,0.9112,0.9817,844790,0,141828,141828
li,tage,128KB,131072,twin,10000001,1.6029,0.9356,0.9861,0.9115,0.9807,591481,0,140790,142657
li,tage,256KB,262144,frmt,10000001,1.6050,0.9355,0.9910,0.9115,0.9856,849927,0,141886,141886
li,tage,256KB,262144,twin,10000001,1.6057,0.9361,0.9906,0.9120,0.9853,575090,0,140847,142714
li,tage,512KB,524288,frmt,10000001,1.5987,0.9345,0.9930,0.9104,0.9877,831143,0,141859,141859
li,tage,512KB,524288,twin,10000001,1.5972,0.9343,0.9930,0.9101,0.9877,523598,0,140822,142689
li,tage,1MB,1048576,frmt,10000001,1.6008,0.9359,0.9960,0.9116,0.9907,801644,0,141934,141934
li,tage,1MB,1048576,twin,10000001,1.5998,0.9353,0.9960,0.9111,0.9907,512619,0,140896,142763
li,tagesc,16KB,16384,frmt,10000001,1.5997,0.9341,0.9583,0.9098,0.9530,843196,43289,133819,133783
li,tagesc,16KB,16384,twin,10000001,1.5838,0.9310,0.9507,0.9068,0.9454,701826,51714,133013,134884
li,tagesc,32KB,32768,frmt,10000001,1.5968,0.9335,0.9742,0.9093,0.9689,823760,44162,141170,141167
li,tagesc,32KB,32768,twin,10000001,1.5814,0.9296,0.9707,0.9053,0.9654,675848,80406,140046,141914
li,tagesc,64KB,65536,frmt,10000001,1.6027,0.9357,0.9816,0.9114,0.9762,858481,28459,141141,141142
li,tagesc,64KB,65536,twin,10000001,1.5823,0.9299,0.9768,0.9056,0.9714,661079,74353,140133,142000
li,tagesc,128KB,131072,frmt,10000001,1.5979,0.9345,0.9869,0.9102,0.9816,835591,30817,141248,141248
li,tagesc,128KB,131072,twin,10000001,1.6009,0.9354,0.9861,0.9111,0.9807,621568,67048,140214,142080
li,tagesc,256KB,262144,frmt,10000001,1.5989,0.9346,0.9909,0.9102,0.9856,844522,34203,141582,141582
li,tagesc,256KB,262144,twin,10000001,1.5803,0.9294,0.9906,0.9049,0.9853,580538,72583,140558,142425
li,tagesc,512KB,524288,frmt,10000001,1.5939,0.9339,0.9930,0.9094,0.9877,825154,33819,141553,141553
li,tagesc,512KB,524288,twin,10000001,1.5758,0.9292,0.9930,0.9046,0.9877,570294,71699,140517,142383
li,tagesc,1MB,1048576,frmt,10000001,1.5946,0.9348,0.9960,0.9102,0.9907,798439,32608,141722,141722
li,tagesc,1MB,1048576,twin,10000001,1.5746,0.9294,0.9960,0.9047,0.9907,535943,70213,140682,142548
li,tscl,16KB,16384,frmt,10000001,1.6269,0.9347,0.9578,0.9166,0.9524,981486,36756,137763,137727
li,tscl,16KB,16384,twin,10000001,1.6084,0.9303,0.9507,0.9124,0.9454,771334,38839,136643,138502
li,tscl,32KB,32768,frmt,10000001,1.6227,0.9341,0.9744,0.9162,0.9691,866210,38127,144878,144875
li,tscl,32KB,32768,twin,10000001,1.6063,0.9298,0.9707,0.9118,0.9654,724946,39918,143834,145688
li,tscl,64KB,65536,frmt,10000001,1.6289,0.9359,0.9821,0.9178,0.9767,917888,27798,144801,144802
li,tscl,64KB,65536,twin,10000001,1.6046,0.9295,0.9768,0.9114,0.9714,707224,41449,143767,145621
li,tscl,128KB,131072,frmt,10000001,1.6234,0.9348,0.9866,0.9167,0.9813,875715,29766,144822,144822
li,tscl,128KB,131072,twin,10000001,1.6045,0.9300,0.9861,0.9118,0.9807,634156,68101,143787,145641
li,tscl,256KB,262144,frmt,10000001,1.6238,0.9349,0.9908,0.9167,0.9855,853833,33510,144929,144929
li,tscl,256KB,262144,twin,10000001,1.6186,0.9301,0.9906,0.9119,0.9853,622971,72033,143893,145746
li,tscl,512KB,524288,frmt,10000001,1.6184,0.9341,0.9930,0.9159,0.9876,847858,32190,144935,144935
li,tscl,512KB,524288,twin,10000001,1.6180,0.9337,0.9930,0.9155,0.9877,562639,47272,143896,145749
li,tscl,1MB,1048576,frmt,10000001,1.6179,0.9345,0.9960,0.9162,0.9907,836459,33299,145061,145061
li,tscl,1MB,1048576,twin,10000001,1.6124,0.9295,0.9960,0.9110,0.9907,579921,44202,144020,145873
perl,tage,16KB,16384,frmt,10000001,1.1010,0.9695,0.9688,0.9256,0.9286,771272,0,84953,82346
perl,tage,16KB,16384,twin,10000001,1.0991,0.9691,0.9791,0.9252,0.9389,513896,0,84879,84954
perl,tage,32KB,32768,frmt,10000001,1.0986,0.9690,0.9825,0.9251,0.9422,695756,0,98730,95555
perl,tage,32KB,32768,twin,10000001,1.1017,0.9708,0.9847,0.9269,0.9445,492597,0,98866,98737
perl,tage,64KB,65536,frmt,10000001,1.0999,0.9698,0.9887,0.9260,0.9484,657634,0,123165,119106
perl,tage,64KB,65536,twin,10000001,1.1009,0.9704,0.9896,0.9265,0.9494,482425,0,123283,123172
perl,tage,128KB,131072,frmt,10000001,1.1026,0.9712,0.9920,0.9273,0.9518,652500,0,123401,118659
perl,tage,128KB,131072,twin,10000001,1.0999,0.9701,0.9922,0.9262,0.9519,467155,0,123538,123426
perl,tage,256KB,262144,frmt,10000001,1.1016,0.9710,0.9932,0.9271,0.9530,625705,0,126507,126514
perl,tage,256KB,262144,twin,10000001,1.1000,0.9701,0.9933,0.9262,0.9531,459713,0,126621,126514
perl,tage,512KB,524288,frmt,10000001,1.1016,0.9709,0.9945,0.9270,0.9543,600593,0,126507,126510
perl,tage,512KB,524288,twin,10000001,1.1001,0.9702,0.9946,0.9263,0.9543,460762,0,126621,126514
perl,tage,1MB,1048576,frmt,10000001,1.1027,0.9715,0.9958,0.9276,0.9555,611518,0,126507,126507
perl,tage,1MB,1048576,twin,10000001,1.1000,0.9702,0.9957,0.9263,0.9555,450305,0,126621,126514
perl,tagesc,16KB,16384,frmt,10000001,1.0801,0.9516,0.9696,0.9077,0.9293,757382,51455,84126,81519
perl,tagesc,16KB,16384,twin,10000001,1.1009,0.9688,0.9791,0.9249,0.9389,518850,9050,84896,84971
perl,tagesc,32KB,32768,frmt,10000001,1.0957,0.9628,0.9824,0.9189,0.9422,684121,28105,98729,95554
perl,tagesc,32KB,32768,twin,10000001,1.1011,0.9688,0.9847,0.9249,0.9445,487009,10647,98865,98736
perl,tagesc,64KB,65536,frmt,10000001,1.0923,0.9611,0.9893,0.9172,0.9490,653453,35127,123158,119099
perl,tagesc,64KB,65536,twin,10000001,1.1000,0.9681,0.9896,0.9242,0.9494,484150,11882,123276,123165
perl,tagesc,128KB,131072,frmt,10000001,1.0982,0.9671,0.9920,0.9232,0.9518,639120,27510,123421,118679
perl,tagesc,128KB,131072,twin,10000001,1.1009,0.9685,0.9922,0.9246,0.9519,469545,13173,123540,123428
perl,tagesc,256KB,262144,frmt,10000001,1.1015,0.9689,0.9932,0.9250,0.9530,600910,12672,126537,126544
perl,tagesc,256KB,262144,twin,10000001,1.1000,0.9681,0.9933,0.9242,0.9531,459661,14512,126623,126516
perl,tagesc,512KB,524288,frmt,10000001,1.1002,0.9682,0.9945,0.9243,0.9543,613408,13344,126509,126512
perl,tagesc,512KB,524288,twin,10000001,1.1010,0.9684,0.9946,0.9246,0.9543,444125,13993,126651,126544
perl,tagesc,1MB,1048576,frmt,10000001,1.1015,0.9688,0.9958,0.9249,0.9555,623565,14155,126345,126345
perl,tagesc,1MB,1048576,twin,10000001,1.0999,0.9680,0.9957,0.9241,0.9555,437760,17644,126429,126322
perl,tscl,16KB,16384,frmt,10000001,1.0802,0.9518,0.9694,0.9079,0.9291,878758,58296,83451,80844
perl,tscl,16KB,16384,twin,10000001,1.1027,0.9696,0.9791,0.9257,0.9389,569156,10657,83397,83524
perl,tscl,32KB,32768,frmt,10000001,1.0994,0.9647,0.9822,0.9208,0.9420,755330,36883,97228,94053
perl,tscl,32KB,32768,twin,10000001,1.1052,0.9710,0.9847,0.9271,0.9445,498441,11183,97365,97288
perl,tscl,64KB,65536,frmt,10000001,1.0954,0.9626,0.9872,0.9187,0.9469,740996,41160,121922,117863
perl,tscl,64KB,65536,twin,10000001,1.1043,0.9704,0.9896,0.9265,0.9494,495059,12028,122040,121981
perl,tscl,128KB,131072,frmt,10000001,1.1010,0.9685,0.9911,0.9246,0.9509,740184,26432,122176,117434
perl,tscl,128KB,131072,twin,10000001,1.1051,0.9707,0.9922,0.9268,0.9519,477434,12972,122295,122235
perl,tscl,256KB,262144,frmt,10000001,1.1041,0.9702,0.9931,0.9263,0.9528,716939,13108,125253,125260
perl,tscl,256KB,262144,twin,10000001,1.1042,0.9704,0.9933,0.9265,0.9531,467551,13942,125367,125312
perl,tscl,512KB,524288,frmt,10000001,1.1042,0.9702,0.9944,0.9263,0.9542,701260,13951,125253,125256
perl,tscl,512KB,524288,twin,10000001,1.1051,0.9706,0.9946,0.9267,0.9543,455243,14003,125367,125312
perl,tscl,1MB,1048576,frmt,10000001,1.1043,0.9703,0.9958,0.9264,0.9555,718586,14758,125253,125253
perl,tscl,1MB,1048576,twin,10000001,1.1041,0.9702,0.9957,0.9263,0.9555,442047,90557,125367,125312
